name,url,title,description,os,opensource,price,uninstalled
Plash,https://apps.apple.com/it/app/plash/id1494023538, on the App Store,make any website the desktop wallpaper,MacOS,1,,
Shareful,https://apps.apple.com/it/app/shareful/id1522267256, on the App Store,Supercharge system share menu,MacOS,1,,
haste,https://github.com/seejohnrun/haste-client, on GitHub,"terminal client for <a href=""https://paste.tommi.space"" target=""_blank"" title=""Tommi’s pastebin"">Haste</a>",terminal,1,,
ncspot,https://github.com/hrkfdn/ncspot, on GitHub,"a terminal <a href=""https://spotify.com"" target=""_blank"" title=""Spotify"">Spotify</a> client",terminal,1,,
Rustdesk,https://rustdesk.com,,"an open source <a href=""https://teamviewer.com"" target=""_blank"" title=""TeamViewer"">TeamViewer</a> alternative",MacOS,1,,
Rclone,https://rclone.org/,,a command line program to manage files on cloud storage.,MacOS,1,,
Adobe Lightroom Classic,https://www.adobe.com/products/photoshop-lightroom-classic.html,,"alas, the best photo editing software out there. I hate Adobe, but it works so damn good. I’m doing my best to completely switch to the two following programs but, damn, it’s so hard. Also: I have to keep Lightroom on my device because it’s impossible to move photography edits committed with Lightroom to Darktable.",MacOS,,,
Adobe Photoshop,https://www.adobe.com/products/photoshop.html,,". I tried living without it. I couldn't. Hands down, it's the best visual editing software in the world. You could do anything with it.",MacOS,,,
AEScrypt,https://www.aescrypt.com,,file encrypter and decrypter,MacOS,1,,". I do not use it. If needed, same stuff can be done via CLI"
AlDente,https://github.com/davidwernhart/AlDente, source code on GitHub,a MacBook utility to avoid over-charging the battery when the device is plugged and it have reached 100% charge,MacOS,1,,
Android File Transfer,https://www.android.com/filetransfer/,,the name says it all. It’s simple and it works great.,MacOS,,,. I do not own an Android device anymore.
AppCleaner,https://freemacsoft.net/appcleaner,,"a neat, simple and efficient app to remove data of uninstalled apps",MacOS,,,
Audacity,https://www.audacityteam.org/,,"audio editing software. I know, I have Garage Band which is awesome but… Audacity works the same way anywhere.",MacOS,1,,"I need very little sound editing, mixing, etc: GarageBand is fine; furthermore, it's neat, simple and quick."
Background Music,https://github.com/kyleneideck/BackgroundMusic, on GitHub,to handle audio sources and audio recording,MacOS,1,,
Backtrack,https://www.backtrack.team/,,the Holy Graal for university students which get easily distracted (me). It allows you to recover audio up to 5 hours before. It’s not Open Source and I payed 2€ for it. Totally worth it.,MacOS,,,
balenaEtcher,https://www.balena.io/etcher/,,"the safest, simplest and quickest software to flash OS images to external drives.",MacOS,1,,I do not flash devices daily
BitBar,https://getbitbar.com,,run any plugin from the top bar.,MacOS,,,. I didn't use it.
Blackhole,https://blackhole.run/,,to share any file. Fast and private. Based on [Blockstack](https://blockstack.org/).,MacOS,,,I now have my lovely [Cubbit](https://cubbit.io ‘Cubbit’)
ChatSecure,https://chatsecure.org,,an XMPP messaging client,MacOS,1,,
Clean Me,https://kevin-de-koninck.github.io/Clean-Me,,"a better, neat and perfectly working alternative to CCleaner written in Swift.",MacOS,1,,
Clipy,https://clipy-app.com,,clipboard history logger,MacOS,1,,
CopyQ,https://hluk.github.io/CopyQ/,,"a clipboard history recorder, which keeps a record of all copied text and items. It saved my life several times.",MacOS,1,,
Cosmicast,https://www.poeticbytes.com/cosmicast,,"a minimal and beautiful podcast player which syncs with iOS through iCloud. It is proprietary software and it costs 3,50€.",MacOS,,3.5,
Cubbit,/cubbit,, desktop synchronization client,MacOS,,,
Curiosity,https://github.com/Dimillian/RedditOS, on GitHub,a MacOS Reddit client,MacOS,1,,
DarkModeBuddy,https://github.com/insidegui/DarkModeBuddy, on GitHub,a **must have**: MacOS theme changes from light to dark based on surrounding ambient light,MacOS,1,,
Darktable,https://www.darktable.org/,,the most common free and open source photo editing client. It is full of features but it is super complicated,MacOS,1,,
deadbolt,https://github.com/alichtman/deadbolt, on GitHub,file encryption and decryption made easy.,MacOS,1,,
Digikam,https://www.digikam.org/,,a photo management software,MacOS,1,,
dupeGuru,https://dupeguru.voltaicideas.net/,,a file (specially images) duplicate finder. It is great and there is no other sotfware capable of doing its job.,MacOS,1,,
DWAgent,https://www.dwservice.net/en/download.html?_request=main&page=download,,"a great, simple and lightweight VNC, thus a program which allows you to access your computer remotely from any web browser.",MacOS,1,,
Element,https://element.io,," the most common and stable [Matrix](https://matrix.org ""Matrix"") client",MacOS,1,,
Espanso,https://espanso.org/,,a wonderful text expander,MacOS,1,,
FileZilla,https://filezilla-project.org/,,"the best and most used [FTP](https://en.wikipedia.org/wiki/File_Transfer_Protocol ""FTP on Wikipedia"").",MacOS,1,,
Final Cut Pro,https://www.apple.com/final-cut-pro/,,"again, pricey and proprietary, but it’s so optimised for MacOS, thus so fast, that I really need it to edit with ease videos I need to have ready in a short time.",MacOS,,,
Firefox,/firefox,,the best browser ever.,MacOS,1,,
Firefox Developer Edition,https://www.mozilla.org/en-US/firefox/developer/,,to debug and improve Web Design and front-end Web development experience.,MacOS,1,,
FreeTube,https://freetubeapp.io,,"a private, simple, nice desktop client for YouTube.",MacOS,1,,
GIMP,https://www.gimp.org/,,"photo manipulation and editing software. Better known as the Photoshop free alternative, it’s full of resources and it misses almost no feature, but it’s so so so messed up and confusing (as Photoshop is). Too much stuff in too many different places.",MacOS,1,,
GitUp,https://gitup.co,,my favorite GUI interface for git. ,MacOS,1,,
Get It,https://github.com/Kevin-De-Koninck/Get-It, on GitHub,"a GUI interface for `youtube-dl`. Basically, a tool to download videos from YouTube.",MacOS,1,,
Gifski,https://gif.ski,,to create GIFs,MacOS,1,,
GPG Keychain,https://gpgtools.org/keychain/index.html,,to store and handle PGP Keys.,MacOS,1,,
HandBrake,https://handbrake.fr/,,"anything you need to do with video files, it gets it done (in a short or eternal amount of time).",MacOS,1,,
Hidden Bar,https://github.com/dwarvesf/hidden, on GitHub,to hide itchy icons from the menu bar,MacOS,1,,
Inkskape,https://inkscape.org/,,. Anything with graphics? Use this. I definitely love it.,MacOS,1,,
iTerm,https://iterm.sourceforge.net/,,a feature-packed terminal emulator.,MacOS,1,,
Jami,https://jami.net/,,"peer-to-peer unlimited video and voice communications. On paper it’s the go-to for everyone and I love it’s philosophy. Unfortunately, it still has a few bugs which make it impossible to use it regularly.",MacOS,1,,
Jitsi Meet,https://github.com/jitsi/jitsi-meet-electron,,"a video conferencing service which can be self-hosted. Since it should work only on Google Chrome browser, I installed the Electron-based app",MacOS,1,,
Joplin,https://joplinapp.org,,"basically it’s just a note-taking application, but it has **anything else** you can think of",MacOS,1,,
Karabiner-Elements,https://karabiner-elements.pqrs.org/,,"keyboard remapping. I use it to swap the `esc` key with ⇪, for a better usability in vim",MacOS,1,,
KeePassXC,https://keepassxc.org,,"a community maintained fork of the popular discontinued [KeePassX](https://www.keepassx.org/ ""KeePassX official website"") application with more features and frequent updates.",MacOS,1,,
Keybase,https://keybase.io/,,a great secure messaging service,MacOS,1,,
LBRY,https://lbry.com/,,"the first digital marketplace to be controlled by the market's participants rather than a corporation or other 3rd-party. Basically, a healthier version of YouTube",MacOS,1,,
LibreOffice,https://www.libreoffice.org/,,the best open Office Suite.,MacOS,1,,
LyricsX,https://github.com/ddddxxx/LyricsX, on GitHub,a lyrics app which integrates with Spotify and Apple Music,MacOS,1,,
MacDown,https://macdown.uranusjr.com/,,"a markdown editor which has everything I need. I don’t use it much since I have both Joplin and Vim to open and edit `.md` files, but it’s very lightweight and it’s handy to have an app to view and edit them on the fly.",MacOS,1,,
MacSVG,https://github.com/dsward2/macSVG, on GitHub,to create animated SVGs,MacOS,1,,
MacVim,https://macvim-dev.github.io/macvim/,,a standalone [[Vim]] app for MacOS. pretty nice to edit files on the go.,MacOS,1,,
Mast,https://apps.apple.com/us/app/mast-for-mastodon/id1437429129, on the App Store,"a wonderful, simple and neat [Mastodon](https://joinmastodon.org ""Mastodon"") [client](https://joinmastodon.org/apps ""Mastodon clients"")",MacOS,,,
MEGAsync,https://mega.nz/sync,,"the synchronization app for [MEGA](https://mega.nz ""MEGA official website"") Cloud service.",MacOS,1,,
MonoFocus,https://monofocus.app/,,focus on one task at a time.,MacOS,,,
Mumble,https://www.mumble.info,,"the most common open-source VoIP service. I use it with the awesome [NixNet Services](https://nixnet.services/mumble ""Mumble on NixNet Services"")",MacOS,1,,
NetNewsWire,https://ranchero.com/netnewswire/,,"the best [RSS reader](https://en.wikipedia.org/wiki/Comparison_of_feed_aggregators ""“Comparison of Feed aggregators” on Wikipedia"") ever. I sync it with the awesome [Feedbin](https://feedbin.com ""Feedbin"").",MacOS,1,,
Nextcloud,https://nextcloud.com/,, desktop client.,MacOS,1,,
OmegaT,https://omegat.org,,a translation memory application written in Java. I use it to translate [MDN](https://mdn.dev/) articles for Mozilla Italia.,MacOS,1,,
Obsidian,https://obsidian.md,,the best markdown-based knowledge management software ever!,MacOS,,,
OnionShare,https://onionshare.org,,. Stop using WeTransfer! Use this.,MacOS,1,,
OnlyOffice,https://www.onlyoffice.com/,,"the office provider I use, synced with [my Nextcloud instance](https://cloud.tommi.space)",MacOS,1,,
Openwhyd,https://openwhyd.org,,"an open-source platform to discover and share music. Basically, a Spotify alternative to save and share playlists",MacOS,1,,
OpenVPN Connect,https://openvpn.net/download-open-vpn/,,"the desktop client for [OpenVPN](https://openvpn.net ""OpenVPN official website""), which I host on [[Server|my server]]",MacOS,1,,
PDF Expert,https://pdfexpert.com,,"PDF Swiss Army knife. Not open source and quit pricey, but it does its job very well. I got it with a students' 30% discount",MacOS,,33.50,
Plug,https://www.plugformac.com,,"a [Hype Machine](https://hypem.com ""Hype Machine"") MacOS client",MacOS,1,,
Pock,https://pock.dev/,,to move the Dock in the Touch Bar.,MacOS,1,,
Pocket,https://getpocket.com,,save articles for later. It’s not Open Source but I use it anyway because it’s owned by Mozilla (and [I love Mozilla](/stuff#mozilla-italia) and I have so many pages there that transferring them someplace else would be painfully annoying.,MacOS,,,
Protonmail Bridge,https://protonmail.com/bridge/,,an app which allows me to access and use my ProtonMail account from Apple Mail.,MacOS,1,,
ProtonVPN,https://protonvpn.com/,,"a security-focused VPN developed by CERN scientists from the ProtonMail team. It’s free, but I pay for it, it’s a great service",MacOS,1,,
qBittorrent,https://qbittorrent.org/,,the best and lightest torrent client you can find out there,MacOS,1,,
Rectangle,https://rectangleapp.com/,,a window management app which allows to resize windows quickly with a simple keystroke.,MacOS,1,,
Signal,/signal,,"the best encryption system in the world, easy and fast communication, plus, it’s owned by a non-profit. Thus, a healthier WhatsApp.",MacOS,1,,
Skype,https://skype.com,,"you know it. Proprietary software, [ouch](http://stallman.org/skype.html ""Reasons not to use Skype, from Richard Stallman's blog"")",MacOS,,,
smcFanControl,https://github.com/hholtmann/smcFanControl, on GitHub,to control the fans of the Mac to make it run cooler,MacOS,1,,
Sozi,https://sozi.baierouge.fr,,a presentation tool which uses SVG images to create zooming and panning animations. It’s astounding how cool it is.,MacOS,1,,
Spotify,https://www.spotify.com,,to listen to music by paying and using proprietary software. Any legal affordable solution? I can’t find one. I’m stuck with this.,MacOS,,,
Sub It,https://github.com/Kevin-De-Koninck/Sub-It, on GitHub,"a GUI interface for `Subliminal`, a tool to download movie subtitles ithout ads",MacOS,1,,
Telegram,https://telegram.org/,,"WhatsApp on steroids. I wish the back-end software was Open Source, too.",MacOS,,,
Timer,https://github.com/michaelvillar/timer-app, on GitHub,sometimes it's quicker to set it from the laptop than from my smartphone,MacOS,1,,
TinyPNG4Mac,https://github.com/kyleduo/TinyPNG4Mac, on GitHub,simply and quickly resize PNGs,MacOS,1,,
The Desk,https://thedesk.top/,,something like TweetDeck for Mastodon (and all of the Fediverse apps),MacOS,1,,
TomatoBar,https://github.com/ivoronin/TomatoBar, on GitHub,set simple working timers,MacOS,1,,
Tor browser,https://www.torproject.org/,,to navigate online completely anonymously,MacOS,1,,
TweetDeck,https://tweetdeck.twitter.com,,"to tweet as bad as I can. Obviously, this is a very bad proprietary software",MacOS,,,
uTox,https://github.com/uTox/uTox, on GitHub,"a tiny, light super-private, peer-to-peer app to chat with my geek privacy-obsessed friends.",MacOS,1,,
VLC,https://www.videolan.org/vlc/,,to watch anything.,MacOS,1,,
Whalebird,https://whalebird.social,,"[Mastodon](https://joinmastodon.org ""Mastodon"") desktop client",MacOS,1,,
Whatsapp,https://www.whatsapp.com/,,"well, you know it. Owned by that monster called Facebook and surprisingly free but, guess what? Proprietary software",MacOS,,,
Zettlr,https://www.zettlr.com/,,fully-featured Markdown editing app,MacOS,1,,
Zoom,https://zoom.us,,"you all know it. I'm not a fan and if it was for me I'd use [Jitsi Meet](https://meet.jit.si ""Jitsi Meet"") only, but I need it to access my university's classes.",MacOS,,,
Homebrew,https://brew.sh/,,MacOS package manager,terminal,1,,
git,https://git-scm.com,,"the <abbr title=""Version Control Software"">VCS</abbr> nobody can live without.",terminal,1,,
Vim,/vim,," is preinstalled on UNIX-based OSs, but I installed [Neovim](https://neovim.io ""Neovim official website"") which is so great. I use it on a daily basis and I love it. See [[Vim#Resources]] for learning material.",terminal,1,,
Mackup,https://github.com/lra/mackup, on GitHub,an awesome tool to <u>sync settings among Macs and Linux devices</u>,terminal,1,,
Animated QR code generator,https://github.com/sylnsfar/qrcode, on GitHub,,terminal,1,,
Deep-daze,https://github.com/lucidrains/deep-daze, on GitHub,artificially generate images by describing content,terminal,1,,
Exposé,https://github.com/Jack000/Expose, on GitHub,a simple and beautiful static site generator for photoessays,terminal,1,,
fd,https://github.com/sharkdp/fd, on GitHub,`find` improved,terminal,1,,
fonttools,https://github.com/fonttools/fonttools, on GitHub,manipulate font files,terminal,1,,
fzf,https://github.com/junegunn/fzf, on GitHub,a fuzzy finder which works in some way with Vim but I’m still figuring it out.,terminal,1,,
gitupdate,https://github.com/nikitavoloboev/gitupdate, on GitHub,to commit and push updated files with file names as commit message,terminal,1,,
massren,https://github.com/laurent22/massren, on GitHub,batch files renaming using a text editor (works great with vim). It’s developed by the same developer of Joplin,terminal,1,,
ExifTool,/exiftool,,an awesome and extremely useful little tool to edit almost anything in an image EXIF data. I use it to rename my images based on the date and time I shot them.,terminal,1,,
ffsend,https://github.com/timvisee/ffsend, on GitHub,a CLI tool for Firefox Send,terminal,1,,
yst,https://github.com/jgm/yst, on GitHub,create static websites from YAML data and string templates,terminal,1,,
lnav,https://lnav.org/, on GitHub,log files navigator,terminal,1,,
Pandoc,https://pandoc.org/,,"a lovely swiss-army knife for document conversion. NOTE: I admire its genius creator, he’s a Philosopher developer whose name is [John MacFarlane](https://www.johnmacfarlane.net/ ""John MacFarlane's personal website"")",terminal,1,,
megacmd,https://mega.nz/cmd,,"a command-line tool to do actually anything with [Mega](https://mega.nz ""MEGA"")",terminal,1,,
m-cli,https://github.com/rgcr/m-cli, on GitHub,Swiss Army knife for MacOS,terminal,1,,
miller,https://github.com/johnkerl/miller, on GitHub,CSV sorting and editing tool (something like a combination of sed and awk),terminal,1,,
nb,https://xwmx.github.io/,,a CLI-based text editor.,terminal,1,,
tldr,https://tldr.sh,,a `man` crowd-sourced alternative made of super insightful examples,terminal,1,,
rip,https://github.com/nivekuil/rip,,`rm` improved,terminal,1,,
Subliminal,https://github.com/Diaoul/subliminal, on GitHub,a tool to download subtitles,terminal,1,,
csvdiff,https://github.com/aswinkarthik/csvdiff, on GitHub,compare CSV files,terminal,1,,
xsv,https://github.com/BurntSushi/xsv, on GitHub,CSV management tool.,terminal,1,,
You-get,https://you-get.org,,to download stuff from the internet,terminal,1,,
gping,https://github.com/orf/gping, on GitHub,ping with a graph,terminal,1,,
wkhtmltopdf,https://wkhtmltopdf.org/,,to generate PDFs from HTML files,terminal,1,,
youtube-dl,https://github.com/ytdl-org/youtube-dl, on GitHub,a tool to download videos (and audios) from YouTube,terminal,1,,
z,https://github.com/rupa/z, on GitHub,jump around easily among folders in Terminal,MacOS,1,,
andOTP,https://github.com/andOTP/andOTP, on GitHub,"[2FA](https://en.wikipedia.org/wiki/Multi-factor_authentication ""Two Factor Autentication"") app",Android,1,,
AnonAddy,https://anonaddy.com,,"mobile client for [AnonAddy](https://anonaddy.com ""AnonAddy official website"").",Android,1,,
AntennaPod,https://antennapod.org,,the best podcast player for Android,Android,1,,
AnySoftKeyboard,https://anysoftkeyboard.github.io,,"simple, neat and lightweight yet feature-rich keyboard. Settings are a bit messy.",Android,1,,
Audius,https://audius.co,,"[Audius Music](https://audius.co ""Audius Music official website"") mobile client.",Android,1,,
Banca Etica,https://play.google.com/store/apps/details?id=it.bancaetica.bank, on Google Play,"internet banking for [Banca Etica](https://www.bancaetica.it ""Banca Etica""). It's not open source and it works very badly. Considering to uninstall it, since the web client is exactly the same.",Android,,,
Bandcamp,https://bandcamp.com,,"mobile client for [Bandcamp](https://bandcamp.com ""Bandcamp"").",Android,,,
Barinsta,https://barinsta.austinhuang.me/en/latest/,,"a lightweight Instagram client for Android. You cannot post from there, but you can search and view public stuff without having to login.",Android,1,,
Blokada,https://blokada.org/,,"efficient and powerful ad blocker. It has some issues working with VPN on, still trying to fix it",Android,1,,
Book Reader,https://gitlab.com/axet/android-book-reader, on GitLab,a book reader with a simple UI,Android,1,,
BOOM,https://www.ultimateears.com/features/apps.html,,an app to fully access my two [UE BOOM 2](https://www.ultimateears.com/en-us/wireless-speakers/boom-2.html) speakers’ features,Android,,,
Cythara,https://github.com/gstraube/cythara, on GitHub,guitar tuner,Android,1,,
DAVx<sup>5</sup>,https://www.davx5.com/,,"to sync contacts, calendar, and reminders via [WebDAV](https://en.wikipedia.org/wiki/WebDAV)",Android,1,,
Deck,https://f-droid.org/en/packages/it.niedermann.nextcloud.deck, on F-Droid,"[Nextcloud Deck](https://apps.nextcloud.com/apps/deck ""Nextcloud Deck"") mobile client",Android,1,,
Element,https://element.io,,"the most common and stable [Matrix](https://matrix.org ""Matrix"") client",Android,1,,
Etar,https://github.com/Etar-Group/Etar-Calendar, on GitHub,"a simple, light and very nice calendar",Android,1,,
F-Droid,https://f-droid.org/,,a [FOSS](https://en.wikipedia.org/wiki/Free_and_open-source_software 'FOSS on Wikipedia') app store.,Android,1,,
FairEmail,https://email.faircode.eu/,,the name says it all,Android,1,,
Fedilab,https://fedilab.app/,,"an Android client to post to the [Fediverse](https://en.wikipedia.org/wiki/Fediverse), I use it for [Mastodon](https://joinmastodon.org/) and [Pixelfed](https://pixelfed.org/).",Android,1,,
Freezer,https://freezer.life,,"stream super high quality music from Deezer, for free",Android,1,,
FeedMe,https://play.google.com/store/apps/details?id=com.seazon.feedme, on Google Play,"an RSS reader app which syncs with [Feedbin](https://feedbin.com ""Feedbin"")",Android,1,,
FilLMiC Pro,https://www.filmicpro.com/,,"a super powerful app to boost video shooting from the phone and tweak as much settings as possible. I paid for it and it is not open source, because -unfortunately- [there’s no app like it](https://alternativeto.net/software/filmic-pro/?license=opensource)",Android,,,
Fennec,https://f-droid.org/en/packages/org.mozilla.fennec_fdroid/, on F-Droid,"a browser based on [the latest Firefox release](https://github.com/mozilla-mobile/fenix ""Fenix on GitHub"") (codenamed [Fenix](https://github.com/mozilla-mobile/fenix ""Fenix on GitHub"")), and it has proprietary bits and telemetry removed. It works wonderfully.",Android,1,,
Firefox Send,https://send.firefox.com/,,"to send files up to 2.5GB, with server-side encryption. I hate to say it, but it’s not completely bug-free.",Android,1,,
Flickr,https://play.google.com/store/apps/details?id=com.flickr.android, on Google Play,"to access my photo storage. As of right now, this is also the only not-open-source service I’m paying for. I won’t lie: price ain’t that low, but it’s a pretty solid service",Android,,,
Frost,https://f-droid.org/en/packages/com.pitchedapps.frost/, on F-Droid,lightweight open source Facebook client for Android~~. I deleted my Facebook account.,Android,1,,
GitHub,https://play.google.com/store/apps/details?id=com.github.android, on Google Play,when geek attraction to software cannot wait for me to get back to my desktop,Android,,,
GitJournal,https://gitjournal.io/,,"intended to be a note editor to be synced with GitHub, but I use it to update this website on the go.",Android,1,,
H2O Icon Pack,https://play.google.com/store/apps/details?id=com.marcotls.icons.h2o.free, on Google Play,"[look](/images/iconpack.jpg) how gorgeous it looks~~. No icons displayed anymore: I am [turning my smartphone a boring tool](https://maximevaillancourt.com/blog/turning-my-smartphone-into-a-boring-tool ""an article by Maxime Vaillancourt"")",Android,,,
Loop Habit Tracker,https://loophabits.org,,"to keep track of daily accomplishments. Feature requests and bugs are [here](/bugs#loop-habit-tracker ""Loop Habit Tracker Bugs and Feature requests"")",Android,1,,
Hype,https://play.google.com/store/apps/details?id=it.hype.app&hl=it, on Google Play,"the mobile client for [Hype](https://www.hype.it/ ""Hype official website"").",Android,,,
Hourly Reminder,https://f-droid.org/en/packages/com.github.axet.hourlyreminder/, on F-Droid,"I often lose track of time and I get distracted very easily. This app helps a tiny little bit, reminding me time is flowing and I need to get things done!",Android,1,,
Image Editor,https://play.google.com/store/apps/details?id=com.pcvirt.ImageEditor, on Google Play,"not open source, but it’s free. I love it. Basically, it’s an Android version of Photoshop. You can do **anything** to a photo with it.",Android,,,
Imaging Edge Mobile,https://support.d-imaging.sony.co.jp/app/iemobile/,,"to import images from [my Sony camera](https://www.sony.com/electronics/interchangeable-lens-cameras/ilce-6500-body-kit). I would have said “quickly import”, but no, the process is itchy and annoying. Obviously, since the app is made by Sony to achieve this purpose, it is non-free software and I cannot find anything which works better. I’m bound to continue using it until I change my Camera brand (very unlikely).",Android,,,
IO,https://io.italia.it/,,a curious open source app to manage public services in Italy.,Android,1,,
Jami,https://jami.net/download-jami-android/,,same as on Mac. Still hoping.,Android,1,,
Jitsi Meet,https://jitsi.org/#download,,"video conferencing, same as on Mac",Android,1,,
Joplin,https://play.google.com/store/apps/details?id=net.cozic.joplin, on Google Play,"same as on Mac, but here it isn’t customizable, thus unsolvably crap",Android,1,,
K-9 Mail,https://k9mail.app/,,,Android,1,,
KeepassDX,https://www.keepassdx.com/,,password manager,Android,1,,
Keybase,https://keybase.io/download,,same as on Mac,Android,1,,
KISS Launcher,https://kisslauncher.com/,,as in **K**eep **i**t **s**imple and **s**tupid. I friggin’love it. It has [[Launcher|a dedicated note]] in The Jar.,Android,1,,
Konele,https://kaljurand.github.io/K6nele,,which offers speech-to-text user interfaces and services to other apps.,Android,1,,
LBRY,https://github.com/lbryio/lbry-android, on GitHub,same as on Mac,Android,1,,
Librera Reader,https://librera.mobi/,,ebook and PDF reader,Android,1,,
LibreSpeed,https://librespeed.org/,,an open-source alternative to the ubiquitous ads-clumsed [Ookla Speedtest](https://www.speedtest.net/),Android,1,,
Lightroom,https://play.google.com/store/apps/details?id=com.adobe.lrmobile, on Google Play,,Android,,,
Meditation Assistant,https://gitlab.com/tslocum/meditationassistant, on GitLab,,Android,1,,
MEGA,https://github.com/meganz/android, on GitHub,same as on Mac.,Android,1,,
Mgit,https://manichord.com/projects/mgit.html,,git client,Android,1,,
MoneyWallet,https://f-droid.org/en/packages/com.oriondev.moneywallet/, on F-Droid,personal finance management and expenses logging,Android,1,,
Morse,https://github.com/Crazy-Marvin/Morse, on GitHub,"to translate words into Morse code. I may never use it, but I feel it could come handy",Android,1,,
MusicPiped,https://github.com/deep-gaurav/MusicPiped, on GitHub,to stream music straight from YouTube. Testing it to attempt a transition from Spotify (which I don’t wanna pay anymore),Android,1,,
NewPipe,https://newpipe.schabi.org/,,"a clever solution to watch YouTube without having YouTube, thus, anonymously. It has also [a nice set of pretty interesting features](https://github.com/TeamNewPipe/NewPipe#features).",Android,1,,
Nextcloud News Reader,https://github.com/nextcloud/news-android, on GitHub,RSS reader synced with Nextcloud,Android,1,,
Nextcloud,https://nextcloud.com/install/#tab-mobile,,https://nextcloud.com/install/#tab-mobile,Android,1,,
Nextcloud Notes,https://f-droid.org/en/packages/it.niedermann.owncloud.notes/, on F-Droid,"to edit notes synced with the desktop Obsidian folder, even though bi-directional links aren't supported.",Android,1,,
Nextcloud Deck,https://f-droid.org/en/packages/it.niedermann.nextcloud.deck/, on F-Droid,it rarely works,Android,1,,
OnlyOffice,https://www.onlyoffice.com/office-for-android.aspx,,same as on Mac.,Android,1,,
Open Note Scanner,https://github.com/ctodobom/OpenNoteScanner, on GitHub,"a simple and intuitive app to scan documents. Its scanning resolution is very bad, I wish they improved it.",Android,1,,
Open Keychain,https://www.openkeychain.org/,,to manage PGP keys. It works hand in hand with FairEmail.,Android,1,,
OpenTracks,https://f-droid.org/en/packages/de.dennisguse.opentracks/, on F-Droid,track tracks and paths,Android,1,,
OpenVPN Connect,https://play.google.com/store/apps/details?id=net.openvpn.openvpn, on Google Play,"[OpenVPN](https://openvpn.net/ ""OpenVPN"") Android client",Android,1,,
OsmAnd+,https://osmand.net/,,"a great Google Maps alternative, based on [OpenStreetMap](https://www.openstreetmap.org ""OpenStreetMap"")",Android,1,,
PhoneTrack,https://f-droid.org/en/packages/net.eneiluj.nextcloud.phonetrack/, on F-Droid,open source version of *Find my iPhone* for Android,Android,1,,
Padland,https://github.com/mikifus/padland, on GitHub,"to manage, share, remember and read Etherpad documents",Android,1,,
plees tracker,https://vmiklos.hu/plees-tracker/,,a sleep tracking app,Android,1,,
Pocket,https://play.google.com/store/apps/details?id=com.ideashower.readitlater.pro, on Google Play,same as on Mac,Android,,,
Poet Assistant,https://f-droid.org/en/packages/ca.rmen.android.poetassistant/, on F-Droid,"a set of tools to help with writing poems. I’m not good, but I can use a little help.",Android,1,,
PosteID,https://posteid.poste.it/,,to manage my virtual ID Card,Android,,,
Protonmail Bridge,https://protonapps.com,,"to get my emails from my [ProtonMail](https://protonmail.com ""ProtonMail"") accounts. I need to use ProtonMail’s app because of its emails’ encryption.",Android,1,,
ProtonVPN,https://protonvpn.com/,,same as on Mac,Android,1,,
Rai Play,https://play.google.com/store/apps/details?id=it.rainet, on Google Play,"[RAI](https://www.rai.it/ ""RAI"")’s streaming service",Android,,,
Rai Play Radio,https://play.google.com/store/apps/details?id=it.rainet, on Google Play,"[RAI](https://www.rai.it/ ""RAI"") radio channels’ streaming service",Android,,,
Red Moon,https://github.com/LibreShift/red-moon, on GitHub,a screen filter app for night time phone use,Android,1,,
RHVoice,https://f-droid.org/en/packages/com.github.olga_yakovleva.rhvoice.android/, on F-Droid,"an open source <abbr title=""Text To Speech"">TTS</abbr> engine",Android,1,,
Signal,https://signal.org/install/,,same as on Mac,Android,1,,
Simple Calendar Pro,https://www.simplemobiletools.com/calendar/,,"a light and neat calendar app, with the right features and without too many useless bells and whistles",Android,1,,
StreetComplete,https://github.com/westnordost/StreetComplete, on GitHub,to contribute to [OpenStreetMap](https://openstreetmap.org),Android,1,,
Super Tuner,https://play.google.com/store/apps/details?id=com.music.supertuner, on GitHub,a very ugly yet lightweight and working (it’s just what I need: stuff that actually works) guitar tuner,Android,,,
Ultrasonic,https://ultrasonic.github.io/,,to listen to [Funkwhale](https://funkwhale.org 'Funkwhale'),Android,1,,
Thorium,https://github.com/sschueller/peertube-android, on GitHub,a PeerTube Android client,Android,1,,
Telegram,https://telegram.org/dl/android,,,Android,,,
Termux,https://termux.com/,,a terminal emulator for Android,Android,1,,
Trail Sense,https://f-droid.org/en/packages/com.kylecorry.trail_sense/, on F-Droid,to survive when pretending to be Bear Grylls,Android,1,,
Tutanota,https://f-droid.org/en/packages/de.tutao.tutanota/, on F-Droid,private email client. Second choice after ProtonMail,Android,1,,
UltraSonic,https://www.f-droid.org/en/packages/org.moire.ultrasonic/, on F-Droid,"a [Funkwhale](https://funkwhale.audio/ ""Funkwhale"") client for Android",Android,1,,
UntrackMe,https://fedilab.app/wiki/untrackme/,,to transform YouTube and Twitter links into Invidious and Nitter links respectively,Android,1,,
Vespucci,https://f-droid.org/packages/de.blau.android/, on F-Droid,to contribute to [OpenStreetMap](https://osm.org 'OpenStreetMap'),Android,1,,
WhatsApp,https://www.whatsapp.com/android,,,Android,,,
WhatsDeleted,https://github.com/4nubhav/WhatsDeleted, on F-Droid,to read deleted messages in WhatsApp (this task is accomplished by monitoring notifications),Android,1,,
Who Has My Stuff?,https://f-droid.org/packages/de.freewarepoint.whohasmystuff/, on F-Droid,to keep track of lent items,Android,1,,
Zoff,https://zoff.me/,,"let’s say you’re at a party on the beach and you and your friends are using the same bluetooth speaker connected to your phone, but there are too many requests for you to add songs to your player queque and enjoy the evening at the same time. This is where [Zoff](https://zoff.me/ ""Zoff"") comes useful: you just create a room on the platform and you share its unique link with your friends. They can add the songs they want and they’ll be played seamlessly ithout you handling the “let’s play this song instead!” deal.",Android,1,,
AGESCI,https://play.google.com/store/apps/details?id=com.agesci.tessera, on Google Play,[AGESCI](https://agesci.it 'AGESCI') subscription management,Android,,,
AndFTP,https://play.google.com/store/apps/details?id=lysesoft.andftp, on Google Play,[FTP](https://en.wikipedia.org/wiki/File_Transfer_Protocol 'File Transfer Protocol') client to connect to [[Server|Xplosion Server]],Android,,,
Piwigo,https://github.com/Piwigo/Piwigo-Android, on GitHub,[Piwigo](https://piwigo.org 'Piwigo') client,Android,1,,
Reddit,https://play.google.com/store/apps/details?id=com.reddit.frontpage, on Google Play,the official [Reddit](https://reddit.com 'Reddit') client,Android,,,
Satispay,https://play.google.com/store/apps/details?id=com.satispay.customer, on Google Play,https://play.google.com/store/apps/details?id=com.wordreference&hl=en&gl=US,Android,,,
Spotify,https://play.google.com/store/apps/details?id=com.spotify.music, on Google Play,to listen to music on [Spotify](https://spotify.com 'Spotify'),Android,,,
Trenitalia,https://play.google.com/store/apps/details?id=com.lynxspa.prontotreno, on Google Play,[Trenitalia](https://trenitalia.it 'Trenitalia') mobile client,Android,,,
Ultimate Guitar Tabs,https://play.google.com/store/apps/details?id=com.ultimateguitar.tabs, on Google Play,to access [Ultimate Guitar](https://ultimate-guitar.com 'Ultimate Guitar'),Android,,,
Vimeo,https://play.google.com/store/apps/details?id=com.vimeo.android.videoapp, on Google Play,[Vimeo](https://vimeo.com 'Vimeo') client,Android,,,
Where Are U,https://play.google.com/store/apps/details?id=it.Beta80Group.whereareu, on Google Play,shortcut to contact the Italian emergency number,Android,,,
WordReference,https://play.google.com/store/apps/details?id=com.wordreference, on Google Play,[WordReference](https://wordreference.com 'WordReference') mobile client,Android,,,
1Writer,https://1writerapp.com,,"arguably [the best iOS text editor](https://brettterpstra.com/ios-text-editors/ ""iOS text editors comparison by Brett Terpstra""), I use it via WebDAV to edit my [Nextcloud Notes](https://apps.nextcloud.com/apps/notes ""Nextcloud Notes App"") (a.k.a. *[[The Jam]]*) on the go; the app costs 5,50€.",iOS,,5.50,
Affluences,https://apps.apple.com/us/app/affluences/id869919405, on the App Store,"to reserve seats and book meetings for [my university](https://unive.it ""Ca’Foscari University of Venice"").",iOS,,,
AGESCI,https://apps.apple.com/it/app/agesci/id1221478706, on the App Store,to manage personal scout events and data,iOS,,,
Bandcamp,https://apps.apple.com/it/app/bandcamp/id706408639, on the App Store,"mobile client for [Bandcamp](https://bandcamp.com ""Bandcamp"").",iOS,,,
ChatSecure,https://chatsecure.org,,a free and open source XMPP messaging client,iOS,1,,
Cheon,https://cheon.app,,an app which syncs with CalDAV to plan study hours,iOS,1,,
Chime,https://apps.apple.com/us/app/chime/id414830146, on the App Store,"the homologous of [Hourly Reminder](https://f-droid.org/en/packages/com.github.axet.hourlyreminder/ ""Hourly Reminder on F-Droid"") in iOS. Even though it is a relatively old app, it still works wonderfully",iOS,,,
Cineast,https://apps.apple.com/us/app/cineast/id376167296, on the App Store,a TMDb client.,iOS,,1.09,
CloudNotes,https://apps.apple.com/app/cloudnotes-owncloud-notes/id813973264, on the App Store,"), a notes app which syncs with [Nextcloud Notes](https://apps.nextcloud.com/apps/notes ""Nextcloud Notes App"")",iOS,1,2.30,
Cosmicast,https://www.poeticbytes.com/cosmicast,,"a minimal and beautiful podcast player which syncs with MacOS through iCloud. It is proprietary software by [Poetic Bytes](https://www.poeticbytes.com ""Poetic Bytes"")",iOS,,3.50,
CSV Editor,https://apps.apple.com/us/app/csv-easy-editor/id1000358989, on the App Store,"a minimal CSV editor which I use to edit on the go [my data folder](https://github.com/xplosionmind/tommi.space/tree/main/_data ""_data folder of this website on GitHub"")",iOS,,2.29,
Element,https://element.io,,"the most common [Matrix](https://matrix.org ""Matrix"") client",iOS,1,,
FiLMiC Pro,https://www.filmicpro.com/,,"a super powerful app to boost video shooting from the phone and tweak as much settings as possible. I paid for it and it is not open source, because -unfortunately- [there’s no app like it](https://alternativeto.net/software/filmic-pro/?license=opensource).",iOS,,15,
Firefox,https://apps.apple.com/us/app/firefox-private-safe-browser/id989804926, on the App Store,"the best browser in the world, even if on iOS it is exactly like Safari but with the Firefox interface.",iOS,1,,
Frame Grabber,https://github.com/arthurhammer/FrameGrabber, on the App Store,a light and shiny Open Source app to extract frames from videos.,iOS,1,,
FTPManager Pro,https://apps.apple.com/us/app/ftpmanager-pro/id522627917, on the App Store,to easily transfer data to and from my servers and remote devices through SFTP.,iOS,,3.49,
GitHub,https://github.com/mobile,,,iOS,1,,
Hype,,,,iOS,,,
Imaging Edge Mobile,https://support.d-imaging.sony.co.jp/app/iemobile/,,to import images from [my Sony camera](https://www.sony.com/electronics/interchangeable-lens-cameras/ilce-6500-body-kit).,iOS,,,
IO,https://io.italia.it/,,the very promising  Open Source app to manage Italian public services,iOS,1,,
iSH,https://ish.app/,,a terminal emulator fo iOS,iOS,1,,
Jami,https://jami.net/download-jami-ios/,,Open Source peer-to-peer communication app,iOS,1,,
Jitsi Meet,https://jitsi.org/#download,,"video conferencing, same as on Mac",iOS,1,,
KeePass Touch,https://www.innervate.de/keepass-touch.html,,a bare-bones yet perfectly working KeePass manager,iOS,1,,
Keybase,https://keybase.io/,,security and communication app,iOS,1,,
Lightroom,https://apps.apple.com/us/app/adobe-lightroom-photo-editor/id878783582, on the App Store,,iOS,,,
Mast,https://apps.apple.com/us/app/mast-for-mastodon/id1437429129, on the App Store,"a wonderful, simple and neat [Mastodon](https://joinmastodon.org ""Mastodon"") [client](https://joinmastodon.org/apps ""Mastodon clients""). Unfortunately, it is non-free software and it is developed by [Poetic Bytes](https://www.poeticbytes.com ""Poetic Bytes""), in every sense",iOS,,3.50,
Metatext,https://github.com/metabolist/metatext, on GitHub,"open source Mastodon client, waiting for the official one.",iOS,1,,
NetNewsWire,https://ranchero.com/netnewswire/,,feed reader,iOS,1,,
Nextcloud,https://nextcloud.com/install/#tab-mobile,,same as on Mac,iOS,1,,
Odysee,https://lbry.com/get,,"a [LBRY](https://lbry.tv ""LBRY"") client",iOS,1,,
OpenVPN Connect,https://apps.apple.com/us/app/openvpn-connect/id590379981, on the App Store,"[OpenVPN](https://openvpn.net/ ""OpenVPN"") iOS Client",iOS,1,,
OutRun,https://outrun.tadris.de/,,fabulous Open Source sports tracking app,iOS,1,,
PayPal,https://apps.apple.com/us/app/paypal-mobile-cash/id283646709, on the App Store,to pay for stuff,iOS,,,
PGPro,https://pgpro.app,,a [PGP Keys](https://en.wikipedia.org/wiki/Pretty_Good_Privacy 'Pretty Good Privacy on Wikipedia') manager and message encrypter and decrypter for iOS,iOS,1,,
PhotoSync,https://www.photosync-app.com/home.html,,part of my [[Importing workflow|Photo importing workflow]],iOS,,,
Piwigo,https://github.com/Piwigo/Piwigo-Mobile, on GitHub,"a lovely feature-packed mobile client for [Piwigo](https://piwigo.org ""Piwigo"")",iOS,1,,
Plum Village,https://plumvillage.app/,,meditation guiding,iOS,1,,
Pocket,https://apps.apple.com/us/app/pocket-save-read-grow/id309601447, on the App Store,same as on Mac,iOS,,,
PosteID,https://posteid.poste.it/,,to manage my virtual ID Card,iOS,,,
ProtonMail,https://protonapps.com,,"to get my emails from my [ProtonMail](https://protonmail.com ""ProtonMail"") accounts. I need to use ProtonMail’s app because of its emails’ encryption.",iOS,1,,
Rai Play,https://apps.apple.com/it/app/raiplay/id501323740, on the App Store,to watch shows and broadcasts the public Italian TV for free,iOS,,,
Refining Fire,https://apps.apple.com/us/app/refining-fire/id1000982825, on the App Store,encouraging Bible verses when needed,iOS,,,
Satispay,https://apps.apple.com/lu/app/satispay/id790287076, on the App Store,"client for [Satispay](https://www.satispay.com 'Satispay'), a clever and fresh payment system developed in Italy",iOS,,,
ShellFish,https://secureshellfish.app/,,arguably the best SSH app for iPhone,iOS,,,
Signal,https://signal.org/install/,,same as on Mac,iOS,1,,
Spotify,https://apps.apple.com/us/app/spotify-music-and-podcasts/id324684580, on the App Store,we all know it. [[Quit Spotify|I am looking for valid alternatives]],iOS,,,
Step Two,https://steptwo.app,,"a beautifully designed [2FA](https://en.wikipedia.org/wiki/Multi-factor_authentication ""Two Factor Autentication"") app which syncs with MacOS through iCloud",iOS,,,
Strides,https://www.stridesapp.com/,,"the closest iOS alternative of the unbeatable [Loop Habit Tracker], which exists for [Android](#android) only",iOS,,,
Strongbox,https://strongboxsafe.com/,,it is so awesome that I would even say perfect Open Source KeePass client for iOS,iOS,,,
TeamViewer,https://www.teamviewer.com/en/download/ios/,,,iOS,,,
Telegram,https://telegram.org/dl/ios,,,iOS,,,
Toolbox Pro,,,,iOS,,,
Trenitalia,https://www.trenitalia.com/content/tcom/it/informazioni/acquista_con_smartphoneetablet.html,,,iOS,,,
Tutanota,https://apps.apple.com/us/app/tutanota/id922429609, on the App Store,,iOS,1,,
Ultimate Guitar Tabs,https://apps.apple.com/us/app/ultimate-guitar-chords-tabs/id357828853, on the App Store,,iOS,,,
WhatsApp,https://www.whatsapp.com/ios,,,iOS,,,
Working Copy,https://workingcopyapp.com,,,iOS,,,
Zen Tuner,https://apps.apple.com/us/app/zen-tuner/id1550640624, on the App Store,,iOS,1,,
Zoom,https://apps.apple.com/us/app/zoom-cloud-meetings/id546505307, on the App Store,,iOS,,,
